url,post date
http://startupbeat.hkej.com/?p=59596,"Posted May 28, 2018"
http://startupbeat.hkej.com/?p=59507,"Posted May 25, 2018"
http://startupbeat.hkej.com/?p=59458,"Posted May 24, 2018"
http://startupbeat.hkej.com/?p=59444,"Posted May 24, 2018"
http://startupbeat.hkej.com/?p=59433,"Posted May 24, 2018"
http://startupbeat.hkej.com/?p=59379,"Posted May 23, 2018"
http://startupbeat.hkej.com/?p=59357,"Posted May 21, 2018"
http://startupbeat.hkej.com/?p=59350,"Posted May 21, 2018"
http://startupbeat.hkej.com/?p=59320,"Posted May 21, 2018"
http://startupbeat.hkej.com/?p=59303,"Posted May 18, 2018"
